geo_key;municipio;uf;total_contratos;inadimplentes_totais;adimplentes_totais;inad_parciais_lucrativos;inad_parciais_nao_lucrativos;inad_parciais_lucrativos_pct;inadimplentes_totais_pct_country;adimplentes_totais_pct_country;inad_parciais_lucrativos_pct_country;inad_parciais_nao_lucrativos_pct_country
SAO PAULO_SP;SÃO PAULO;SP;1513;481;1032;85;302;0,056179775280898875;0,038622129436325675;0,030580496044092808;0,031215571061329415;0,04084945218449885
TIJUCAS DO SUL_PR;TIJUCAS DO SUL;PR;1426;225;1201;58;125;0,04067321178120617;0,018066484663561908;0,03558834859394909;0,02130003672420125;0,01690788583795482
AGUDOS DO SUL_PR;AGUDOS DO SUL;PR;1303;211;1092;49;123;0,03760552570990023;0,01694234784005139;0,03235843186060983;0,017994858611825194;0,016637359664547546
MANDIRITUBA_PR;MANDIRITUBA;PR;1169;236;933;69;115;0,05902480752780154;0,0189497350248916;0,02764690194683972;0,025339698861549763;0,015555254970918437
CAMPO DO TENENTE_PR;CAMPO DO TENENTE;PR;1140;172;968;50;100;0,043859649122807015;0,013810823831700658;0,028684031173141316;0,01836210062431142;0,013526308670363857
RIO DE JANEIRO_RJ;RIO DE JANEIRO;RJ;1112;545;567;116;313;0,10431654676258993;0,04376104062951662;0,016801493466085875;0,0426000734484025;0,04233734613823888
PIEN_PR;PIÊN;PR;1088;158;930;45;95;0,04136029411764706;0,01268668700819014;0,02755800515601387;0,01652589056188028;0,012849993236845665
QUITANDINHA_PR;QUITANDINHA;PR;1082;162;920;37;87;0,034195933456561925;0,013007868957764573;0,027261682519927697;0,013587954461990452;0,011767888543216556
CURITIBA_PR;CURITIBA;PR;873;294;579;69;158;0,07903780068728522;0,023606873293720892;0,01715708062938928;0,025339698861549763;0,021371567699174896
SAO BENTO DO SUL_SC;SÃO BENTO DO SUL;SC;857;168;689;42;97;0,049008168028004666;0,013489641882126225;0,020416629626337154;0,015424164524421594;0,013120519410252942
PARANAGUA_PR;PARANAGUÁ;PR;698;179;519;34;106;0,04871060171919771;0,014372892243455919;0,015379144812872255;0,012486228424531766;0,014337887190585688
ICARAIMA_PR;ICARAÍMA;PR;683;80;603;16;59;0,02342606149341142;0,006423638991488678;0,017868254955996088;0,0058758721997796545;0,007980522115514676
GUARATUBA_PR;GUARATUBA;PR;661;226;435;46;143;0,06959152798789713;0,018146780150955517;0,012890034669748422;0,016893132574366507;0,019342621398620318
FAZENDA RIO GRANDE_PR;FAZENDA RIO GRANDE;PR;508;162;346;26;96;0,051181102362204724;0,013007868957764573;0,010252763208581504;0,009548292324641938;0,012985256323549304
BRASILIA_DF;BRASÍLIA;DF;502;189;313;37;126;0,07370517928286853;0,015175847117392003;0,00927489850949714;0,013587954461990452;0,017043148924658462
ALTO PIQUIRI_PR;ALTO PIQUIRI;PR;489;67;422;17;43;0,034764826175869123;0,0053797976553717685;0,012504815242836401;0,006243114212265883;0,005816312728256459
CASTRO_PR;CASTRO;PR;381;132;249;31;76;0,08136482939632546;0,010599004335956319;0,007378433638545649;0,011384502387073081;0,010279994589476532
LAPA_PR;LAPA;PR;375;114;261;30;69;0,08;0,009153685562871366;0,007734020801849054;0,011017260374586852;0,009333152982551062
ITAPERUCU_PR;ITAPERUÇU;PR;367;127;240;27;71;0,07356948228882834;0,010197526898988276;0,007111743266068095;0,009915534337128168;0,009603679155958339
GARUVA_SC;GARUVA;SC;346;90;256;23;55;0,06647398843930635;0,007226593865424763;0,007585859483805968;0,008446566287183254;0,0074394697687001216
RIO NEGRINHO_SC;RIO NEGRINHO;SC;337;100;237;17;62;0,050445103857566766;0,008029548739360848;0,007022846475242244;0,006243114212265883;0,008386311375625592
LONDRINA_PR;LONDRINA;PR;332;107;225;13;67;0,0391566265060241;0,008591617151116107;0,006667259311938839;0,004774146162320969;0,009062626809143784
VIDEIRA_SC;VIDEIRA;SC;322;64;258;15;42;0,046583850931677016;0,005138911193190943;0,007645124011023202;0,005508630187293426;0,00568104964155282
COLOMBO_PR;COLOMBO;PR;318;110;208;27;58;0,08490566037735849;0,008832503613296933;0,006163510830592349;0,009915534337128168;0,007845259028811037
CIDADE GAUCHA_PR;CIDADE GAÚCHA;PR;318;53;265;19;24;0,059748427672955975;0,00425566083186125;0,007852549856283522;0,00697759823723834;0,003246314080887326
PORTO ALEGRE_RS;PORTO ALEGRE;RS;316;145;171;35;79;0,11075949367088607;0,01164284567207323;0,005067117077073518;0,012853470437017995;0,010685783849587448
FLORIANOPOLIS_SC;FLORIANÓPOLIS;SC;313;103;210;25;57;0,07987220447284345;0,008270435201541674;0,006222775357809583;0,00918105031215571;0,007709995942107399
QUERENCIA DO NORTE_PR;QUERÊNCIA DO NORTE;PR;313;32;281;13;18;0,04153354632587859;0,0025694555965954714;0,008326666074021395;0,004774146162320969;0,0024347355606654944
JOACABA_SC;JOAÇABA;SC;306;81;225;28;44;0,0915032679738562;0,0065039344788822865;0,006667259311938839;0,010282776349614395;0,005951575814960097
ITAPOA_SC;ITAPOÁ;SC;304;64;240;15;36;0,049342105263157895;0,005138911193190943;0,007111743266068095;0,005508630187293426;0,004869471121330989
MAUA DA SERRA_PR;MAUÁ DA SERRA;PR;302;76;226;19;45;0,06291390728476821;0,006102457041914244;0,006696891575547456;0,00697759823723834;0,006086838901663736
IMPERATRIZ_MA;IMPERATRIZ;MA;302;64;238;14;42;0,046357615894039736;0,005138911193190943;0,007052478738850861;0,005141388174807198;0,00568104964155282
PINHAIS_PR;PINHAIS;PR;301;105;196;21;58;0,06976744186046512;0,00843102617632889;0,005807923667288944;0,007712082262210797;0,007845259028811037
SINOP_MT;SINOP;MT;283;55;228;11;39;0,038869257950530034;0,004416251806648466;0,00675615610276469;0,004039662137348513;0,0052752603814419045
RIO AZUL_PR;RIO AZUL;PR;281;13;268;4;8;0,014234875444839857;0,0010438413361169101;0,007941446647109373;0,0014689680499449136;0,0010821046936291085
RIO BRANCO DO SUL_PR;RIO BRANCO DO SUL;PR;280;85;195;24;45;0,08571428571428572;0,006825116428456721;0,0057782914036803275;0,008813808299669483;0,006086838901663736
CUIABA_MT;CUIABÁ;MT;273;90;183;12;59;0,04395604395604396;0,007226593865424763;0,005422704240376923;0,0044069041498347415;0,007980522115514676
LAGES_SC;LAGES;SC;268;46;222;6;33;0,022388059701492536;0,0036935924201059902;0,006578362521112988;0,0022034520749173708;0,004463681861220073
UMUARAMA_PR;UMUARAMA;PR;267;79;188;32;36;0,1198501872659176;0,00634334350409507;0,005570865558420008;0,011751744399559309;0,004869471121330989
ANANINDEUA_PA;ANANINDEUA;PA;263;90;173;11;49;0,04182509505703422;0,007226593865424763;0,005126381604290752;0,004039662137348513;0,00662789124847829
GOIANIA_GO;GOIÂNIA;GO;261;74;187;12;45;0,04597701149425287;0,0059418660671270275;0,005541233294811391;0,0044069041498347415;0,006086838901663736
CURITIBANOS_SC;CURITIBANOS;SC;261;56;205;18;32;0,06896551724137931;0,004496547294042075;0,006074614039766498;0,006610356224752111;0,004328418774516434
GRAVATAI_RS;GRAVATAÍ;RS;257;84;173;10;47;0,038910505836575876;0,006744820941063112;0,005126381604290752;0,003672420124862284;0,006357365075071013
MEDIANEIRA_PR;MEDIANEIRA;PR;257;35;222;6;24;0,023346303501945526;0,0028103420587762967;0,006578362521112988;0,0022034520749173708;0,003246314080887326
GUAJARA MIRIM_RO;GUAJARÁ-MIRIM;RO;257;85;172;14;50;0,054474708171206226;0,006825116428456721;0,005096749340682135;0,005141388174807198;0,006763154335181929
CHAPECO_SC;CHAPECÓ;SC;256;62;194;14;41;0,0546875;0,004978320218403725;0,00574865914007171;0,005141388174807198;0,005545786554849182
SALVADOR_BA;SALVADOR;BA;251;121;130;7;68;0,027888446215139442;0,009715753974626627;0,003852194269120218;0,002570694087403599;0,009197889895847423
JUNDIAI_SP;JUNDIAÍ;SP;250;82;168;20;47;0,08;0,006584229966275896;0,004978220286247666;0,007344840249724568;0,006357365075071013
CRICIUMA_SC;CRICIÚMA;SC;249;62;187;17;35;0,06827309236947791;0,004978320218403725;0,005541233294811391;0,006243114212265883;0,00473420803462735
JARAGUA DO SUL_SC;JARAGUÁ DO SUL;SC;248;68;180;12;49;0,04838709677419355;0,005460093142765377;0,005333807449551071;0,0044069041498347415;0,00662789124847829
FORTALEZA_CE;FORTALEZA;CE;247;137;110;10;51;0,04048582995951417;0,011000481772924361;0,003259548996947877;0,003672420124862284;0,006898417421885568
RIBEIRAO PRETO_SP;RIBEIRÃO PRETO;SP;242;68;174;18;36;0,0743801652892562;0,005460093142765377;0,005156013867899369;0,006610356224752111;0,004869471121330989
PATO BRANCO_PR;PATO BRANCO;PR;240;36;204;8;21;0,03333333333333333;0,0028906375461699055;0,006044981776157881;0,0029379360998898272;0,00284052482077641
DUQUE DE CAXIAS_RJ;DUQUE DE CAXIAS;RJ;232;140;92;39;73;0,16810344827586207;0,011241368235105187;0,0027261682519927697;0,014322438486962909;0,009874205329365617
MARIALVA_PR;MARIALVA;PR;231;99;132;22;58;0,09523809523809523;0,007949253251967239;0,003911458796337452;0,008079324274697026;0,007845259028811037
MARINGA_PR;MARINGÁ;PR;225;51;174;12;26;0,05333333333333334;0,004095069857074032;0,005156013867899369;0,0044069041498347415;0,003516840254294603
RIO BRANCO DO IVAI_PR;RIO BRANCO DO IVAÍ;PR;222;21;201;4;13;0,018018018018018018;0,001686205235265778;0,00595608498533203;0,0014689680499449136;0,0017584201271473015
UBERLANDIA_MG;UBERLÂNDIA;MG;214;57;157;7;42;0,03271028037383177;0,004576842781435683;0,004652265386552879;0,002570694087403599;0,00568104964155282
GUARAPUAVA_PR;GUARAPUAVA;PR;205;58;147;14;38;0,06829268292682927;0,004657138268829292;0,0043559427504667085;0,005141388174807198;0,005139997294738266
BLUMENAU_SC;BLUMENAU;SC;201;84;117;23;53;0,11442786069651742;0,006744820941063112;0,0034669748422081962;0,008446566287183254;0,007168943595292844
SANTA TEREZA_RS;SANTA TEREZA;RS;199;19;180;3;12;0,01507537688442211;0,001525614260478561;0,005333807449551071;0,0011017260374586854;0,001623157040443663
BRUSQUE_SC;BRUSQUE;SC;193;45;148;9;30;0,046632124352331605;0,0036132969327123815;0,004385575014075325;0,0033051781123760557;0,004057892601109158
PARIPUEIRA_AL;PARIPUEIRA;AL;191;64;127;14;30;0,07329842931937172;0,005138911193190943;0,003763297478294367;0,005141388174807198;0,004057892601109158
NITEROI_RJ;NITERÓI;RJ;189;102;87;28;44;0,14814814814814814;0,008190139714148064;0,0025780069339496844;0,010282776349614395;0,005951575814960097
PASSO FUNDO_RS;PASSO FUNDO;RS;189;40;149;4;32;0,021164021164021163;0,003211819495744339;0,004415207277683943;0,0014689680499449136;0,004328418774516434
BELO HORIZONTE_MG;BELO HORIZONTE;MG;188;74;114;15;43;0,0797872340425532;0,0059418660671270275;0,003378078051382345;0,005508630187293426;0,005816312728256459
CAMPINAS_SP;CAMPINAS;SP;188;59;129;10;40;0,05319148936170213;0,0047374337562229;0,003822562005511601;0,003672420124862284;0,005410523468145543
SAPOPEMA_PR;SAPOPEMA;PR;187;32;155;6;19;0,03208556149732621;0,0025694555965954714;0,004593000859335645;0,0022034520749173708;0,002569998647369133
CORBELIA_PR;CORBÉLIA;PR;183;44;139;17;20;0,09289617486338798;0,003533001445318773;0,004118884641597772;0,006243114212265883;0,0027052617340727714
SOROCABA_SP;SOROCABA;SP;179;27;152;3;19;0,01675977653631285;0,002167978159627429;0,004504104068509793;0,0011017260374586854;0,002569998647369133
RONDON_PR;RONDON;PR;175;39;136;14;21;0,08;0,003131524008350731;0,00402998785077192;0,005141388174807198;0,00284052482077641
JOINVILLE_SC;JOINVILLE;SC;173;44;129;9;30;0,05202312138728324;0,003533001445318773;0,003822562005511601;0,0033051781123760557;0,004057892601109158
NOVA IGUACU_RJ;NOVA IGUAÇU;RJ;173;87;86;25;40;0,14450867052023122;0,006985707403243938;0,0025483746703410673;0,00918105031215571;0,005410523468145543
CACADOR_SC;CAÇADOR;SC;172;41;131;8;29;0,046511627906976744;0,003292114983137948;0,003881826532728835;0,0029379360998898272;0,003922629514405519
ANAPOLIS_GO;ANÁPOLIS;GO;170;44;126;6;29;0,03529411764705882;0,003533001445318773;0,00373366521468575;0,0022034520749173708;0,003922629514405519
MOREIRA SALES_PR;MOREIRA SALES;PR;170;22;148;4;13;0,023529411764705882;0,0017665007226593866;0,004385575014075325;0,0014689680499449136;0,0017584201271473015
TERESINA_PI;TERESINA;PI;162;43;119;4;34;0,024691358024691357;0,0034527059579251645;0,0035262393694254304;0,0014689680499449136;0,0045989449479237115
APUCARANA_PR;APUCARANA;PR;162;49;113;10;31;0,06172839506172839;0,003934478882286816;0,003348445787773728;0,003672420124862284;0,004193155687812796
SAO JOSE_SC;SÃO JOSÉ;SC;160;37;123;12;24;0,075;0,0029709330335635138;0,0036447684238598986;0,0044069041498347415;0,003246314080887326
PARANAVAI_PR;PARANAVAÍ;PR;160;33;127;10;19;0,0625;0,0026497510839890797;0,003763297478294367;0,003672420124862284;0,002569998647369133
BALNEARIO CAMBORIU_SC;BALNEÁRIO CAMBORIÚ;SC;155;59;96;13;35;0,08387096774193549;0,0047374337562229;0,002844697306427238;0,004774146162320969;0,00473420803462735
SORRISO_MT;SORRISO;MT;154;49;105;14;33;0,09090909090909091;0,003934478882286816;0,0031113876789047915;0,005141388174807198;0,004463681861220073
JUIZ DE FORA_MG;JUIZ DE FORA;MG;154;47;107;8;28;0,05194805194805195;0,0037738879074995985;0,0031706522061220256;0,0029379360998898272;0,0037873664277018803
ARACAJU_SE;ARACAJU;SE;152;64;88;9;44;0,05921052631578947;0,005138911193190943;0,0026076391975583015;0,0033051781123760557;0,005951575814960097
CERRO AZUL_PR;CERRO AZUL;PR;150;35;115;12;11;0,08;0,0028103420587762967;0,003407710314990962;0,0044069041498347415;0,0014878939537400244
MOSSORO_RN;MOSSORÓ;RN;150;59;91;9;34;0,06;0,0047374337562229;0,0026965359883841526;0,0033051781123760557;0,0045989449479237115
IMBITUVA_PR;IMBITUVA;PR;149;17;132;0;13;0,0;0,0013650232856913442;0,003911458796337452;0,0;0,0017584201271473015
ITU_SP;ITU;SP;149;37;112;9;26;0,06040268456375839;0,0029709330335635138;0,003318813524165111;0,0033051781123760557;0,003516840254294603
LINHARES_ES;LINHARES;ES;147;57;90;9;40;0,061224489795918366;0,004576842781435683;0,0026669037247755356;0,0033051781123760557;0,005410523468145543
ARUJA_SP;ARUJÁ;SP;146;33;113;7;24;0,04794520547945205;0,0026497510839890797;0,003348445787773728;0,002570694087403599;0,003246314080887326
CONCORDIA_SC;CONCÓRDIA;SC;145;12;133;3;9;0,020689655172413793;0,0009635458487233017;0,00394109105994607;0,0011017260374586854;0,0012173677803327472
SAO JERONIMO_RS;SÃO JERÔNIMO;RS;143;45;98;10;26;0,06993006993006994;0,0036132969327123815;0,002903961833644472;0,003672420124862284;0,003516840254294603
MARABA_PA;MARABÁ;PA;138;20;118;1;15;0,007246376811594203;0,0016059097478721696;0,0034966071058168133;0,0003672420124862284;0,002028946300554579
RIO DO SUL_SC;RIO DO SUL;SC;137;27;110;8;18;0,058394160583941604;0,002167978159627429;0,003259548996947877;0,0029379360998898272;0,0024347355606654944
FEIRA DE SANTANA_BA;FEIRA DE SANTANA;BA;135;54;81;7;37;0,05185185185185185;0,004335956319254858;0,002400213352297982;0,002570694087403599;0,005004734208034627
CIANORTE_PR;CIANORTE;PR;135;35;100;7;19;0,05185185185185185;0,0028103420587762967;0,002963226360861706;0,002570694087403599;0,002569998647369133
MACEIO_AL;MACEIÓ;AL;133;62;71;5;42;0,03759398496240601;0,004978320218403725;0,0021038907162118114;0,001836210062431142;0,00568104964155282
SAO LEOPOLDO_RS;SÃO LEOPOLDO;RS;125;35;90;10;22;0,08;0,0028103420587762967;0,0026669037247755356;0,003672420124862284;0,0029757879074800487
CAMPO LARGO_PR;CAMPO LARGO;PR;124;47;77;16;24;0,12903225806451613;0,0037738879074995985;0,0022816842978635138;0,0058758721997796545;0,003246314080887326
JATAI_GO;JATAÍ;GO;123;42;81;10;27;0,08130081300813008;0,003372410470531556;0,002400213352297982;0,003672420124862284;0,0036521033409982417
CAMBE_PR;CAMBÉ;PR;121;44;77;10;27;0,08264462809917356;0,003533001445318773;0,0022816842978635138;0,003672420124862284;0,0036521033409982417
ITUMBIARA_GO;ITUMBIARA;GO;120;27;93;8;15;0,06666666666666667;0,002167978159627429;0,0027558005156013868;0,0029379360998898272;0,002028946300554579
CAMPO MOURAO_PR;CAMPO MOURÃO;PR;120;29;91;6;21;0,05;0,002328569134414646;0,0026965359883841526;0,0022034520749173708;0,00284052482077641
LOANDA_PR;LOANDA;PR;120;31;89;10;18;0,08333333333333333;0,0024891601092018626;0,0026372714611669185;0,003672420124862284;0,0024347355606654944
PALHOCA_SC;PALHOÇA;SC;119;36;83;5;24;0,04201680672268908;0,0028906375461699055;0,002459477879515216;0,001836210062431142;0,003246314080887326
BRACO DO NORTE_SC;BRAÇO DO NORTE;SC;119;30;89;12;15;0,10084033613445378;0,0024088646218082543;0,0026372714611669185;0,0044069041498347415;0,002028946300554579
CARAMBEI_PR;CARAMBEÍ;PR;118;24;94;5;14;0,0423728813559322;0,0019270916974466034;0,002785432779210004;0,001836210062431142;0,0018936832138509402
RECIFE_PE;RECIFE;PE;114;45;69;4;22;0,03508771929824561;0,0036132969327123815;0,0020446261889945773;0,0014689680499449136;0,0029757879074800487
MONTES CLAROS_MG;MONTES CLAROS;MG;112;34;78;10;20;0,08928571428571429;0,0027300465713826884;0,002311316561472131;0,003672420124862284;0,0027052617340727714
CAMBORIU_SC;CAMBORIÚ;SC;112;47;65;12;28;0,10714285714285714;0,0037738879074995985;0,001926097134560109;0,0044069041498347415;0,0037873664277018803
NATAL_RN;NATAL;RN;110;47;63;4;30;0,03636363636363636;0,0037738879074995985;0,001866832607342875;0,0014689680499449136;0,004057892601109158
AMAMBAI_MS;AMAMBAI;MS;110;53;57;4;40;0,03636363636363636;0,00425566083186125;0,0016890390256911725;0,0014689680499449136;0,005410523468145543
ASSAI_PR;ASSAÍ;PR;109;36;73;14;17;0,12844036697247707;0,0028906375461699055;0,0021631552434290455;0,005141388174807198;0,0022994724739618558
VITORIA_ES;VITÓRIA;ES;108;26;82;4;20;0,037037037037037035;0,0020876826722338203;0,002429845615906599;0,0014689680499449136;0,0027052617340727714
CAXIAS DO SUL_RS;CAXIAS DO SUL;RS;107;29;78;6;21;0,056074766355140186;0,002328569134414646;0,002311316561472131;0,0022034520749173708;0,00284052482077641
PONTA GROSSA_PR;PONTA GROSSA;PR;106;39;67;6;23;0,05660377358490566;0,003131524008350731;0,001985361661777343;0,0022034520749173708;0,0031110509941836874
BARRETOS_SP;BARRETOS;SP;106;31;75;7;21;0,0660377358490566;0,0024891601092018626;0,0022224197706462796;0,002570694087403599;0,00284052482077641
TANGARA DA SERRA_MT;TANGARÁ DA SERRA;MT;106;22;84;7;12;0,0660377358490566;0,0017665007226593866;0,002489110143123833;0,002570694087403599;0,001623157040443663
AMPERE_PR;AMPÉRE;PR;105;9;96;5;3;0,047619047619047616;0,0007226593865424764;0,002844697306427238;0,001836210062431142;0,00040578926011091576
TAUBATE_SP;TAUBATÉ;SP;105;26;79;8;15;0,0761904761904762;0,0020876826722338203;0,002340948825080748;0,0029379360998898272;0,002028946300554579
ARACRUZ_ES;ARACRUZ;ES;104;29;75;9;13;0,08653846153846154;0,002328569134414646;0,0022224197706462796;0,0033051781123760557;0,0017584201271473015
SUZANO_SP;SUZANO;SP;104;38;66;9;20;0,08653846153846154;0,003051228520957122;0,001955729398168726;0,0033051781123760557;0,0027052617340727714
BARUERI_SP;BARUERI;SP;103;35;68;8;22;0,07766990291262135;0,0028103420587762967;0,00201499392538596;0,0029379360998898272;0,0029757879074800487
PATOS DE MINAS_MG;PATOS DE MINAS;MG;102;15;87;3;11;0,029411764705882353;0,0012044323109041272;0,0025780069339496844;0,0011017260374586854;0,0014878939537400244
RONDONOPOLIS_MT;RONDONÓPOLIS;MT;100;25;75;6;17;0,06;0,002007387184840212;0,0022224197706462796;0,0022034520749173708;0,0022994724739618558
ALAGOA_MG;ALAGOA;MG;100;32;68;7;21;0,07;0,0025694555965954714;0,00201499392538596;0,002570694087403599;0,00284052482077641
AMERICANA_SP;AMERICANA;SP;100;30;70;7;13;0,07;0,0024088646218082543;0,0020742584526031943;0,002570694087403599;0,0017584201271473015
PIRAQUARA_PR;PIRAQUARA;PR;100;30;70;7;19;0,07;0,0024088646218082543;0,0020742584526031943;0,002570694087403599;0,002569998647369133
TABOAO DA SERRA_SP;TABOÃO DA SERRA;SP;100;24;76;9;10;0,09;0,0019270916974466034;0,0022520520342548967;0,0033051781123760557;0,0013526308670363857
ARAUCARIA_PR;ARAUCÁRIA;PR;99;43;56;10;22;0,10101010101010101;0,0034527059579251645;0,0016594067620825555;0,003672420124862284;0,0029757879074800487
TERRA RICA_PR;TERRA RICA;PR;99;27;72;5;15;0,050505050505050504;0,002167978159627429;0,0021335229798204285;0,001836210062431142;0,002028946300554579
CANOAS_RS;CANOAS;RS;98;46;52;7;28;0,07142857142857142;0,0036935924201059902;0,0015408777076480872;0,002570694087403599;0,0037873664277018803
NAVEGANTES_SC;NAVEGANTES;SC;97;40;57;12;25;0,12371134020618557;0,003211819495744339;0,0016890390256911725;0,0044069041498347415;0,0033815771675909643
CAMPINAS DO SUL_RS;CAMPINAS DO SUL;RS;97;24;73;5;14;0,05154639175257732;0,0019270916974466034;0,0021631552434290455;0,001836210062431142;0,0018936832138509402
FRANCA_SP;FRANCA;SP;96;26;70;2;19;0,020833333333333332;0,0020876826722338203;0,0020742584526031943;0,0007344840249724568;0,002569998647369133
NOVA MUTUM_MT;NOVA MUTUM;MT;96;16;80;4;11;0,041666666666666664;0,0012847277982977357;0,002370581088689365;0,0014689680499449136;0,0014878939537400244
MARILUZ_PR;MARILUZ;PR;96;13;83;7;3;0,07291666666666667;0,0010438413361169101;0,002459477879515216;0,002570694087403599;0,00040578926011091576
PIRAI DO SUL_PR;PIRAÍ DO SUL;PR;96;40;56;9;23;0,09375;0,003211819495744339;0,0016594067620825555;0,0033051781123760557;0,0031110509941836874
CENTENARIO DO SUL_PR;CENTENÁRIO DO SUL;PR;95;28;67;6;13;0,06315789473684211;0,0022482736470210373;0,001985361661777343;0,0022034520749173708;0,0017584201271473015
PAICANDU_PR;PAIÇANDU;PR;93;39;54;13;22;0,13978494623655913;0,003131524008350731;0,0016001422348653213;0,004774146162320969;0,0029757879074800487
SAO JORGE DO IVAI_PR;SÃO JORGE DO IVAÍ;PR;92;8;84;3;3;0,03260869565217391;0,0006423638991488678;0,002489110143123833;0,0011017260374586854;0,00040578926011091576
CAMPO MAGRO_PR;CAMPO MAGRO;PR;90;28;62;3;20;0,03333333333333333;0,0022482736470210373;0,0018372003437342578;0,0011017260374586854;0,0027052617340727714
MURIAE_MG;MURIAÉ;MG;89;20;69;5;14;0,056179775280898875;0,0016059097478721696;0,0020446261889945773;0,001836210062431142;0,0018936832138509402
MOCOCA_SP;MOCOCA;SP;88;31;57;5;16;0,056818181818181816;0,0024891601092018626;0,0016890390256911725;0,001836210062431142;0,002164209387258217
BELA VISTA DO PIAUI_PI;BELA VISTA DO PIAUÍ;PI;86;12;74;1;7;0,011627906976744186;0,0009635458487233017;0,0021927875070376626;0,0003672420124862284;0,0009468416069254701
ITAJAI_SC;ITAJAÍ;SC;85;28;57;8;18;0,09411764705882353;0,0022482736470210373;0,0016890390256911725;0,0029379360998898272;0,0024347355606654944
TUNEIRAS DO OESTE_PR;TUNEIRAS DO OESTE;PR;85;7;78;0;7;0,0;0,0005620684117552593;0,002311316561472131;0,0;0,0009468416069254701
INDAIAL_SC;INDAIAL;SC;84;17;67;0;16;0,0;0,0013650232856913442;0,001985361661777343;0,0;0,002164209387258217
FRANCISCO MORATO_SP;FRANCISCO MORATO;SP;83;20;63;3;12;0,03614457831325301;0,0016059097478721696;0,001866832607342875;0,0011017260374586854;0,001623157040443663
XAMBRE_PR;XAMBRÊ;PR;83;16;67;5;10;0,060240963855421686;0,0012847277982977357;0,001985361661777343;0,001836210062431142;0,0013526308670363857
JUAZEIRO DO NORTE_CE;JUAZEIRO DO NORTE;CE;83;28;55;3;18;0,03614457831325301;0,0022482736470210373;0,0016297744984739384;0,0011017260374586854;0,0024347355606654944
ARAXA_MG;ARAXÁ;MG;83;27;56;2;23;0,024096385542168676;0,002167978159627429;0,0016594067620825555;0,0007344840249724568;0,0031110509941836874
UBERABA_MG;UBERABA;MG;82;20;62;5;13;0,06097560975609756;0,0016059097478721696;0,0018372003437342578;0,001836210062431142;0,0017584201271473015
FOZ DO IGUACU_PR;FOZ DO IGUAÇU;PR;81;26;55;7;16;0,08641975308641975;0,0020876826722338203;0,0016297744984739384;0,002570694087403599;0,002164209387258217
CAMPOS NOVOS_SC;CAMPOS NOVOS;SC;81;15;66;2;9;0,024691358024691357;0,0012044323109041272;0,001955729398168726;0,0007344840249724568;0,0012173677803327472
ANGRA DOS REIS_RJ;ANGRA DOS REIS;RJ;80;25;55;7;15;0,0875;0,002007387184840212;0,0016297744984739384;0,002570694087403599;0,002028946300554579
CAPINZAL_SC;CAPINZAL;SC;80;12;68;1;10;0,0125;0,0009635458487233017;0,00201499392538596;0,0003672420124862284;0,0013526308670363857
ARAPONGAS_PR;ARAPONGAS;PR;79;24;55;7;17;0,08860759493670886;0,0019270916974466034;0,0016297744984739384;0,002570694087403599;0,0022994724739618558
CANOINHAS_SC;CANOINHAS;SC;78;19;59;3;15;0,038461538461538464;0,001525614260478561;0,0017483035529084067;0,0011017260374586854;0,002028946300554579
ARACATUBA_SP;ARAÇATUBA;SP;77;30;47;2;24;0,025974025974025976;0,0024088646218082543;0,001392716389605002;0,0007344840249724568;0,003246314080887326
ARARAQUARA_SP;ARARAQUARA;SP;76;21;55;1;16;0,013157894736842105;0,001686205235265778;0,0016297744984739384;0,0003672420124862284;0,002164209387258217
ANDIRA_PR;ANDIRÁ;PR;76;12;64;3;8;0,039473684210526314;0,0009635458487233017;0,001896464870951492;0,0011017260374586854;0,0010821046936291085
VIAMAO_RS;VIAMÃO;RS;76;13;63;3;9;0,039473684210526314;0,0010438413361169101;0,001866832607342875;0,0011017260374586854;0,0012173677803327472
VILHENA_RO;VILHENA;RO;75;19;56;10;6;0,13333333333333333;0,001525614260478561;0,0016594067620825555;0,003672420124862284;0,0008115785202218315
SAO JOSE DOS PINHAIS_PR;SÃO JOSÉ DOS PINHAIS;PR;75;22;53;4;15;0,05333333333333334;0,0017665007226593866;0,0015705099712567043;0,0014689680499449136;0,002028946300554579
GUARUJA_SP;GUARUJÁ;SP;72;21;51;4;12;0,05555555555555555;0,001686205235265778;0,0015112454440394702;0,0014689680499449136;0,001623157040443663
PARNAIBA_PI;PARNAÍBA;PI;71;15;56;3;11;0,04225352112676056;0,0012044323109041272;0,0016594067620825555;0,0011017260374586854;0,0014878939537400244
JAGUARIAIVA_PR;JAGUARIAÍVA;PR;71;16;55;4;12;0,056338028169014086;0,0012847277982977357;0,0016297744984739384;0,0014689680499449136;0,001623157040443663
LIMEIRA_SP;LIMEIRA;SP;71;19;52;3;11;0,04225352112676056;0,001525614260478561;0,0015408777076480872;0,0011017260374586854;0,0014878939537400244
PALOTINA_PR;PALOTINA;PR;71;10;61;2;8;0,028169014084507043;0,0008029548739360848;0,0018075680801256408;0,0007344840249724568;0,0010821046936291085
DOUTOR CAMARGO_PR;DOUTOR CAMARGO;PR;71;15;56;4;10;0,056338028169014086;0,0012044323109041272;0,0016594067620825555;0,0014689680499449136;0,0013526308670363857
RENASCENCA_PR;RENASCENÇA;PR;70;15;55;1;8;0,014285714285714285;0,0012044323109041272;0,0016297744984739384;0,0003672420124862284;0,0010821046936291085
IBAITI_PR;IBAITI;PR;67;34;33;9;17;0,13432835820895522;0,0027300465713826884;0,000977864699084363;0,0033051781123760557;0,0022994724739618558
CATAGUASES_MG;CATAGUASES;MG;67;18;49;3;15;0,04477611940298507;0,0014453187730849527;0,001451980916822236;0,0011017260374586854;0,002028946300554579
RIO VERDE_GO;RIO VERDE;GO;67;24;43;2;20;0,029850746268656716;0,0019270916974466034;0,0012741873351705337;0,0007344840249724568;0,0027052617340727714
TRES LAGOAS_MS;TRÊS LAGOAS;MS;66;21;45;5;13;0,07575757575757576;0,001686205235265778;0,0013334518623877678;0,001836210062431142;0,0017584201271473015
DOURADOS_MS;DOURADOS;MS;66;18;48;8;9;0,12121212121212122;0,0014453187730849527;0,001422348653213619;0,0029379360998898272;0,0012173677803327472
SAO MATEUS DO SUL_PR;SÃO MATEUS DO SUL;PR;66;20;46;8;11;0,12121212121212122;0,0016059097478721696;0,0013630841259963849;0,0029379360998898272;0,0014878939537400244
TAMANDARE_PE;TAMANDARÉ;PE;65;23;42;2;14;0,03076923076923077;0,0018467962100529951;0,0012445550715619166;0,0007344840249724568;0,0018936832138509402
PIRACICABA_SP;PIRACICABA;SP;63;15;48;3;10;0,047619047619047616;0,0012044323109041272;0,001422348653213619;0,0011017260374586854;0,0013526308670363857
GUARATINGUETA_SP;GUARATINGUETÁ;SP;63;18;45;6;10;0,09523809523809523;0,0014453187730849527;0,0013334518623877678;0,0022034520749173708;0,0013526308670363857
CATANDUVA_SP;CATANDUVA;SP;62;27;35;5;17;0,08064516129032258;0,002167978159627429;0,0010371292263015972;0,001836210062431142;0,0022994724739618558
MATINHOS_PR;MATINHOS;PR;62;15;47;2;9;0,03225806451612903;0,0012044323109041272;0,001392716389605002;0,0007344840249724568;0,0012173677803327472
MARACANAU_CE;MARACANAÚ;CE;62;20;42;1;12;0,016129032258064516;0,0016059097478721696;0,0012445550715619166;0,0003672420124862284;0,001623157040443663
LUIZIANA_PR;LUIZIANA;PR;62;13;49;6;6;0,0967741935483871;0,0010438413361169101;0,001451980916822236;0,0022034520749173708;0,0008115785202218315
PRIMEIRO DE MAIO_PR;PRIMEIRO DE MAIO;PR;62;22;40;7;10;0,11290322580645161;0,0017665007226593866;0,0011852905443446825;0,002570694087403599;0,0013526308670363857
MATELANDIA_PR;MATELÂNDIA;PR;61;12;49;1;10;0,01639344262295082;0,0009635458487233017;0,001451980916822236;0,0003672420124862284;0,0013526308670363857
OLINDA_PE;OLINDA;PE;60;22;38;8;8;0,13333333333333333;0,0017665007226593866;0,0011260260171274484;0,0029379360998898272;0,0010821046936291085
JOAO PESSOA_PB;JOÃO PESSOA;PB;60;19;41;1;13;0,016666666666666666;0,001525614260478561;0,0012149228079532995;0,0003672420124862284;0,0017584201271473015
POUSO ALEGRE_MG;POUSO ALEGRE;MG;59;9;50;0;8;0,0;0,0007226593865424764;0,001481613180430853;0,0;0,0010821046936291085
BARRA DO GARCAS_MT;BARRA DO GARÇAS;MT;59;15;44;2;12;0,03389830508474576;0,0012044323109041272;0,0013038195987791507;0,0007344840249724568;0,001623157040443663
SAO JOAO DA SERRA_PI;SÃO JOÃO DA SERRA;PI;57;12;45;3;5;0,05263157894736842;0,0009635458487233017;0,0013334518623877678;0,0011017260374586854;0,0006763154335181928
FLORESTOPOLIS_PR;FLORESTÓPOLIS;PR;57;18;39;6;9;0,10526315789473684;0,0014453187730849527;0,0011556582807360654;0,0022034520749173708;0,0012173677803327472
LINS_SP;LINS;SP;56;11;45;0;9;0,0;0,0008832503613296933;0,0013334518623877678;0,0;0,0012173677803327472
SOBRAL_CE;SOBRAL;CE;56;20;36;3;10;0,05357142857142857;0,0016059097478721696;0,0010667614899102142;0,0011017260374586854;0,0013526308670363857
BIGUACU_SC;BIGUAÇU;SC;55;22;33;2;16;0,03636363636363636;0,0017665007226593866;0,000977864699084363;0,0007344840249724568;0,002164209387258217
GRAMADO_RS;GRAMADO;RS;55;14;41;1;11;0,01818181818181818;0,0011241368235105186;0,0012149228079532995;0,0003672420124862284;0,0014878939537400244
MAFRA_SC;MAFRA;SC;55;15;40;2;12;0,03636363636363636;0,0012044323109041272;0,0011852905443446825;0,0007344840249724568;0,001623157040443663
CASTANHAL_PA;CASTANHAL;PA;54;24;30;7;13;0,12962962962962962;0,0019270916974466034;0,0008889679082585119;0,002570694087403599;0,0017584201271473015
ITAQUAQUECETUBA_SP;ITAQUAQUECETUBA;SP;53;20;33;7;9;0,1320754716981132;0,0016059097478721696;0,000977864699084363;0,002570694087403599;0,0012173677803327472
SANTOS_SP;SANTOS;SP;53;17;36;3;11;0,05660377358490566;0,0013650232856913442;0,0010667614899102142;0,0011017260374586854;0,0014878939537400244
RONCADOR_PR;RONCADOR;PR;52;11;41;6;5;0,11538461538461539;0,0008832503613296933;0,0012149228079532995;0,0022034520749173708;0,0006763154335181928
CONTAGEM_MG;CONTAGEM;MG;52;18;34;2;14;0,038461538461538464;0,0014453187730849527;0,00100749696269298;0,0007344840249724568;0,0018936832138509402
VOTUPORANGA_SP;VOTUPORANGA;SP;51;20;31;7;11;0,13725490196078433;0,0016059097478721696;0,0009186001718671289;0,002570694087403599;0,0014878939537400244
OSASCO_SP;OSASCO;SP;50;14;36;0;9;0,0;0,0011241368235105186;0,0010667614899102142;0,0;0,0012173677803327472
PELOTAS_RS;PELOTAS;RS;49;18;31;4;10;0,08163265306122448;0,0014453187730849527;0,0009186001718671289;0,0014689680499449136;0,0013526308670363857
ROLANDIA_PR;ROLÂNDIA;PR;49;15;34;4;9;0,08163265306122448;0,0012044323109041272;0,00100749696269298;0,0014689680499449136;0,0012173677803327472
CAMPO BOM_RS;CAMPO BOM;RS;48;9;39;2;6;0,041666666666666664;0,0007226593865424764;0,0011556582807360654;0,0007344840249724568;0,0008115785202218315
SANTA CRUZ DO SUL_RS;SANTA CRUZ DO SUL;RS;48;10;38;3;6;0,0625;0,0008029548739360848;0,0011260260171274484;0,0011017260374586854;0,0008115785202218315
RIBEIRAO DAS NEVES_MG;RIBEIRÃO DAS NEVES;MG;48;16;32;2;10;0,041666666666666664;0,0012847277982977357;0,000948232435475746;0,0007344840249724568;0,0013526308670363857
SETE LAGOAS_MG;SETE LAGOAS;MG;48;18;30;3;11;0,0625;0,0014453187730849527;0,0008889679082585119;0,0011017260374586854;0,0014878939537400244
CAARAPO_MS;CAARAPÓ;MS;47;11;36;1;8;0,02127659574468085;0,0008832503613296933;0,0010667614899102142;0,0003672420124862284;0,0010821046936291085
DIVINOPOLIS_MG;DIVINÓPOLIS;MG;47;5;42;1;4;0,02127659574468085;0,0004014774369680424;0,0012445550715619166;0,0003672420124862284;0,0005410523468145543
VILA VELHA_ES;VILA VELHA;ES;47;15;32;1;12;0,02127659574468085;0,0012044323109041272;0,000948232435475746;0,0003672420124862284;0,001623157040443663
ITAPECERICA_MG;ITAPECERICA;MG;46;25;21;5;17;0,10869565217391304;0,002007387184840212;0,0006222775357809583;0,001836210062431142;0,0022994724739618558
FARROUPILHA_RS;FARROUPILHA;RS;46;13;33;5;7;0,10869565217391304;0,0010438413361169101;0,000977864699084363;0,001836210062431142;0,0009468416069254701
CRUZ MACHADO_PR;CRUZ MACHADO;PR;45;14;31;4;6;0,08888888888888889;0,0011241368235105186;0,0009186001718671289;0,0014689680499449136;0,0008115785202218315
MONGAGUA_SP;MONGAGUÁ;SP;45;24;21;4;9;0,08888888888888889;0,0019270916974466034;0,0006222775357809583;0,0014689680499449136;0,0012173677803327472
XANXERE_SC;XANXERÊ;SC;44;5;39;1;4;0,022727272727272728;0,0004014774369680424;0,0011556582807360654;0,0003672420124862284;0,0005410523468145543
ATIBAIA_SP;ATIBAIA;SP;44;14;30;2;11;0,045454545454545456;0,0011241368235105186;0,0008889679082585119;0,0007344840249724568;0,0014878939537400244
FRANCISCO BELTRAO_PR;FRANCISCO BELTRÃO;PR;44;5;39;2;3;0,045454545454545456;0,0004014774369680424;0,0011556582807360654;0,0007344840249724568;0,00040578926011091576
SAO JOSE DOS CAMPOS_SP;SÃO JOSÉ DOS CAMPOS;SP;43;13;30;2;7;0,046511627906976744;0,0010438413361169101;0,0008889679082585119;0,0007344840249724568;0,0009468416069254701
ALVORADA DO SUL_PR;ALVORADA DO SUL;PR;42;8;34;4;2;0,09523809523809523;0,0006423638991488678;0,00100749696269298;0,0014689680499449136;0,00027052617340727714
ITAPEMA_SC;ITAPEMA;SC;42;13;29;1;9;0,023809523809523808;0,0010438413361169101;0,0008593356446498948;0,0003672420124862284;0,0012173677803327472
JACAREZINHO_PR;JACAREZINHO;PR;42;17;25;2;11;0,047619047619047616;0,0013650232856913442;0,0007408065902154265;0,0007344840249724568;0,0014878939537400244
FOZ DO JORDAO_PR;FOZ DO JORDÃO;PR;42;9;33;2;4;0,047619047619047616;0,0007226593865424764;0,000977864699084363;0,0007344840249724568;0,0005410523468145543
VOLTA REDONDA_RJ;VOLTA REDONDA;RJ;42;14;28;5;8;0,11904761904761904;0,0011241368235105186;0,0008297033810412777;0,001836210062431142;0,0010821046936291085
CAMPINA GRANDE_PB;CAMPINA GRANDE;PB;42;14;28;1;10;0,023809523809523808;0,0011241368235105186;0,0008297033810412777;0,0003672420124862284;0,0013526308670363857
CARATINGA_MG;CARATINGA;MG;41;14;27;4;8;0,0975609756097561;0,0011241368235105186;0,0008000711174326607;0,0014689680499449136;0,0010821046936291085
ARAQUARI_SC;ARAQUARI;SC;41;12;29;5;6;0,12195121951219512;0,0009635458487233017;0,0008593356446498948;0,001836210062431142;0,0008115785202218315
CAMACARI_BA;CAMAÇARI;BA;40;29;11;3;9;0,075;0,002328569134414646;0,0003259548996947877;0,0011017260374586854;0,0012173677803327472
CALDAS NOVAS_GO;CALDAS NOVAS;GO;40;20;20;2;12;0,05;0,0016059097478721696;0,0005926452721723412;0,0007344840249724568;0,001623157040443663
DOIS IRMAOS_RS;DOIS IRMÃOS;RS;40;9;31;2;7;0,05;0,0007226593865424764;0,0009186001718671289;0,0007344840249724568;0,0009468416069254701
JACAREI_SP;JACAREÍ;SP;39;12;27;1;9;0,02564102564102564;0,0009635458487233017;0,0008000711174326607;0,0003672420124862284;0,0012173677803327472
SENADOR CANEDO_GO;SENADOR CANEDO;GO;39;14;25;5;7;0,1282051282051282;0,0011241368235105186;0,0007408065902154265;0,001836210062431142;0,0009468416069254701
RESERVA_PR;RESERVA;PR;38;11;27;4;4;0,10526315789473684;0,0008832503613296933;0,0008000711174326607;0,0014689680499449136;0,0005410523468145543
PORECATU_PR;PORECATU;PR;38;6;32;3;3;0,07894736842105263;0,00048177292436165086;0,000948232435475746;0,0011017260374586854;0,00040578926011091576
IJUI_RS;IJUÍ;RS;38;4;34;1;3;0,02631578947368421;0,0003211819495744339;0,00100749696269298;0,0003672420124862284;0,00040578926011091576
CORONEL FABRICIANO_MG;CORONEL FABRICIANO;MG;38;17;21;3;11;0,07894736842105263;0,0013650232856913442;0,0006222775357809583;0,0011017260374586854;0,0014878939537400244
TIMOTEO_MG;TIMÓTEO;MG;37;10;27;2;7;0,05405405405405406;0,0008029548739360848;0,0008000711174326607;0,0007344840249724568;0,0009468416069254701
SAO JOSE DO OURO_RS;SÃO JOSÉ DO OURO;RS;37;12;25;2;6;0,05405405405405406;0,0009635458487233017;0,0007408065902154265;0,0007344840249724568;0,0008115785202218315
CONGONHINHAS_PR;CONGONHINHAS;PR;37;10;27;5;4;0,13513513513513514;0,0008029548739360848;0,0008000711174326607;0,001836210062431142;0,0005410523468145543
BAURU_SP;BAURU;SP;36;15;21;3;11;0,08333333333333333;0,0012044323109041272;0,0006222775357809583;0,0011017260374586854;0,0014878939537400244
ARARAS_SP;ARARAS;SP;36;8;28;3;3;0,08333333333333333;0,0006423638991488678;0,0008297033810412777;0,0011017260374586854;0,00040578926011091576
JI PARANA_RO;JI-PARANÁ;RO;36;10;26;1;9;0,027777777777777776;0,0008029548739360848;0,0007704388538240436;0,0003672420124862284;0,0012173677803327472
TIBAGI_PR;TIBAGI;PR;36;14;22;5;7;0,1388888888888889;0,0011241368235105186;0,0006519097993895754;0,001836210062431142;0,0009468416069254701
ERECHIM_RS;ERECHIM;RS;35;3;32;1;2;0,02857142857142857;0,00024088646218082543;0,000948232435475746;0,0003672420124862284;0,00027052617340727714
ITANHAEM_SP;ITANHAÉM;SP;35;16;19;4;10;0,11428571428571428;0,0012847277982977357;0,0005630130085637242;0,0014689680499449136;0,0013526308670363857
CANDOI_PR;CANDÓI;PR;34;8;26;1;5;0,029411764705882353;0,0006423638991488678;0,0007704388538240436;0,0003672420124862284;0,0006763154335181928
VALINHOS_SP;VALINHOS;SP;34;10;24;1;7;0,029411764705882353;0,0008029548739360848;0,0007111743266068095;0,0003672420124862284;0,0009468416069254701
TIJUCAS_SC;TIJUCAS;SC;34;13;21;2;9;0,058823529411764705;0,0010438413361169101;0,0006222775357809583;0,0007344840249724568;0,0012173677803327472
PARAISO DO NORTE_PR;PARAÍSO DO NORTE;PR;34;6;28;3;2;0,08823529411764706;0,00048177292436165086;0,0008297033810412777;0,0011017260374586854;0,00027052617340727714
CORNELIO PROCOPIO_PR;CORNÉLIO PROCÓPIO;PR;33;11;22;3;5;0,09090909090909091;0,0008832503613296933;0,0006519097993895754;0,0011017260374586854;0,0006763154335181928
VALPARAISO DE GOIAS_GO;VALPARAÍSO DE GOIÁS;GO;33;13;20;1;10;0,030303030303030304;0,0010438413361169101;0,0005926452721723412;0,0003672420124862284;0,0013526308670363857
GUARULHOS_SP;GUARULHOS;SP;33;11;22;3;8;0,09090909090909091;0,0008832503613296933;0,0006519097993895754;0,0011017260374586854;0,0010821046936291085
BETIM_MG;BETIM;MG;32;7;25;2;4;0,0625;0,0005620684117552593;0,0007408065902154265;0,0007344840249724568;0,0005410523468145543
SERRA_ES;SERRA;ES;32;9;23;0;8;0,0;0,0007226593865424764;0,0006815420629981924;0,0;0,0010821046936291085
SAO MIGUEL_RN;SÃO MIGUEL;RN;32;7;25;4;2;0,125;0,0005620684117552593;0,0007408065902154265;0,0014689680499449136;0,00027052617340727714
CARAGUATATUBA_SP;CARAGUATATUBA;SP;31;17;14;5;11;0,16129032258064516;0,0013650232856913442;0,00041485169052063887;0,001836210062431142;0,0014878939537400244
CUBATAO_SP;CUBATÃO;SP;31;11;20;2;4;0,06451612903225806;0,0008832503613296933;0,0005926452721723412;0,0007344840249724568;0,0005410523468145543
MIRASSOL_SP;MIRASSOL;SP;31;12;19;4;6;0,12903225806451613;0,0009635458487233017;0,0005630130085637242;0,0014689680499449136;0,0008115785202218315
TORRES_RS;TORRES;RS;31;5;26;1;4;0,03225806451612903;0,0004014774369680424;0,0007704388538240436;0,0003672420124862284;0,0005410523468145543
MOGI DAS CRUZES_SP;MOGI DAS CRUZES;SP;31;15;16;3;11;0,0967741935483871;0,0012044323109041272;0,000474116217737873;0,0011017260374586854;0,0014878939537400244
MOGI GUACU_SP;MOGI GUAÇU;SP;31;15;16;3;7;0,0967741935483871;0,0012044323109041272;0,000474116217737873;0,0011017260374586854;0,0009468416069254701
TUBARAO_SC;TUBARÃO;SC;30;8;22;0;7;0,0;0,0006423638991488678;0,0006519097993895754;0,0;0,0009468416069254701
IRARA_BA;IRARÁ;BA;30;13;17;2;6;0,06666666666666667;0,0010438413361169101;0,00050374848134649;0,0007344840249724568;0,0008115785202218315
NOVO HAMBURGO_RS;NOVO HAMBURGO;RS;30;10;20;1;6;0,03333333333333333;0,0008029548739360848;0,0005926452721723412;0,0003672420124862284;0,0008115785202218315
CARIACICA_ES;CARIACICA;ES;28;7;21;1;5;0,03571428571428571;0,0005620684117552593;0,0006222775357809583;0,0003672420124862284;0,0006763154335181928
PAULINIA_SP;PAULÍNIA;SP;28;12;16;3;8;0,10714285714285714;0,0009635458487233017;0,000474116217737873;0,0011017260374586854;0,0010821046936291085
BENTO GONCALVES_RS;BENTO GONÇALVES;RS;28;7;21;4;3;0,14285714285714285;0,0005620684117552593;0,0006222775357809583;0,0014689680499449136;0,00040578926011091576
PARANACITY_PR;PARANACITY;PR;28;8;20;3;4;0,10714285714285714;0,0006423638991488678;0,0005926452721723412;0,0011017260374586854;0,0005410523468145543
PINDAMONHANGABA_SP;PINDAMONHANGABA;SP;28;9;19;2;6;0,07142857142857142;0,0007226593865424764;0,0005630130085637242;0,0007344840249724568;0,0008115785202218315
IMBAU_PR;IMBAÚ;PR;27;8;19;5;3;0,18518518518518517;0,0006423638991488678;0,0005630130085637242;0,001836210062431142;0,00040578926011091576
PORTO UNIAO_SC;PORTO UNIÃO;SC;27;12;15;4;8;0,14814814814814814;0,0009635458487233017;0,00044448395412925593;0,0014689680499449136;0,0010821046936291085
PRIMAVERA DO LESTE_MT;PRIMAVERA DO LESTE;MT;26;6;20;1;4;0,038461538461538464;0,00048177292436165086;0,0005926452721723412;0,0003672420124862284;0,0005410523468145543
MAUA_SP;MAUÁ;SP;26;14;12;3;9;0,11538461538461539;0,0011241368235105186;0,00035558716330340474;0,0011017260374586854;0,0012173677803327472
ACAILANDIA_MA;AÇAILÂNDIA;MA;25;2;23;0;1;0,0;0,00016059097478721696;0,0006815420629981924;0,0;0,00013526308670363857
SAO PEDRO DO IVAI_PR;SÃO PEDRO DO IVAÍ;PR;25;5;20;1;3;0,04;0,0004014774369680424;0,0005926452721723412;0,0003672420124862284;0,00040578926011091576
ORTIGUEIRA_PR;ORTIGUEIRA;PR;24;8;16;3;5;0,125;0,0006423638991488678;0,000474116217737873;0,0011017260374586854;0,0006763154335181928
CRUZ ALTA_RS;CRUZ ALTA;RS;24;6;18;3;1;0,125;0,00048177292436165086;0,0005333807449551071;0,0011017260374586854;0,00013526308670363857
IVAIPORA_PR;IVAIPORÃ;PR;24;6;18;2;2;0,08333333333333333;0,00048177292436165086;0,0005333807449551071;0,0007344840249724568;0,00027052617340727714
URUGUAIANA_RS;URUGUAIANA;RS;24;8;16;0;6;0,0;0,0006423638991488678;0,000474116217737873;0,0;0,0008115785202218315
ITAJUBA_MG;ITAJUBÁ;MG;23;8;15;1;6;0,043478260869565216;0,0006423638991488678;0,00044448395412925593;0,0003672420124862284;0,0008115785202218315
MANDAGUARI_PR;MANDAGUARI;PR;23;9;14;2;6;0,08695652173913043;0,0007226593865424764;0,00041485169052063887;0,0007344840249724568;0,0008115785202218315
JAGUAPITA_PR;JAGUAPITÃ;PR;22;6;16;1;4;0,045454545454545456;0,00048177292436165086;0,000474116217737873;0,0003672420124862284;0,0005410523468145543
IMBITUBA_SC;IMBITUBA;SC;22;6;16;2;4;0,09090909090909091;0,00048177292436165086;0,000474116217737873;0,0007344840249724568;0,0005410523468145543
PONTA PORA_MS;PONTA PORÃ;MS;22;7;15;2;5;0,09090909090909091;0,0005620684117552593;0,00044448395412925593;0,0007344840249724568;0,0006763154335181928
JARDIM ALEGRE_PR;JARDIM ALEGRE;PR;22;4;18;2;1;0,09090909090909091;0,0003211819495744339;0,0005333807449551071;0,0007344840249724568;0,00013526308670363857
COLATINA_ES;COLATINA;ES;21;5;16;0;3;0,0;0,0004014774369680424;0,000474116217737873;0,0;0,00040578926011091576
VARGINHA_MG;VARGINHA;MG;21;2;19;0;1;0,0;0,00016059097478721696;0,0005630130085637242;0,0;0,00013526308670363857
CANDIDO DE ABREU_PR;CÂNDIDO DE ABREU;PR;21;7;14;2;4;0,09523809523809523;0,0005620684117552593;0,00041485169052063887;0,0007344840249724568;0,0005410523468145543
TELEMACO BORBA_PR;TELÊMACO BORBA;PR;20;9;11;2;4;0,1;0,0007226593865424764;0,0003259548996947877;0,0007344840249724568;0,0005410523468145543
MANOEL RIBAS_PR;MANOEL RIBAS;PR;19;4;15;0;3;0,0;0,0003211819495744339;0,00044448395412925593;0,0;0,00040578926011091576
MANDAGUACU_PR;MANDAGUAÇU;PR;18;6;12;2;2;0,1111111111111111;0,00048177292436165086;0,00035558716330340474;0,0007344840249724568;0,00027052617340727714
SAO LUIS_MA;SÃO LUÍS;MA;18;8;10;1;5;0,05555555555555555;0,0006423638991488678;0,0002963226360861706;0,0003672420124862284;0,0006763154335181928
CACAPAVA_SP;CAÇAPAVA;SP;18;6;12;2;3;0,1111111111111111;0,00048177292436165086;0,00035558716330340474;0,0007344840249724568;0,00040578926011091576
MARILIA_SP;MARÍLIA;SP;18;11;7;1;7;0,05555555555555555;0,0008832503613296933;0,00020742584526031943;0,0003672420124862284;0,0009468416069254701
IBIPORA_PR;IBIPORÃ;PR;18;5;13;1;3;0,05555555555555555;0,0004014774369680424;0,0003852194269120218;0,0003672420124862284;0,00040578926011091576
DIADEMA_SP;DIADEMA;SP;17;6;11;2;4;0,11764705882352941;0,00048177292436165086;0,0003259548996947877;0,0007344840249724568;0,0005410523468145543
PRUDENTOPOLIS_PR;PRUDENTÓPOLIS;PR;17;1;16;0;1;0,0;8,029548739360848e-05;0,000474116217737873;0,0;0,00013526308670363857
CACOAL_RO;CACOAL;RO;17;4;13;1;3;0,058823529411764705;0,0003211819495744339;0,0003852194269120218;0,0003672420124862284;0,00040578926011091576
INDAIATUBA_SP;INDAIATUBA;SP;16;5;11;2;2;0,125;0,0004014774369680424;0,0003259548996947877;0,0007344840249724568;0,00027052617340727714
RIO GRANDE_RS;RIO GRANDE;RS;16;4;12;0;2;0,0;0,0003211819495744339;0,00035558716330340474;0,0;0,00027052617340727714
FERNANDOPOLIS_SP;FERNANDÓPOLIS;SP;16;6;10;2;2;0,125;0,00048177292436165086;0,0002963226360861706;0,0007344840249724568;0,00027052617340727714
ARIQUEMES_RO;ARIQUEMES;RO;16;3;13;3;0;0,1875;0,00024088646218082543;0,0003852194269120218;0,0011017260374586854;0,0
BARBOSA FERRAZ_PR;BARBOSA FERRAZ;PR;15;1;14;0;1;0,0;8,029548739360848e-05;0,00041485169052063887;0,0;0,00013526308670363857
JANDAIA DO SUL_PR;JANDAIA DO SUL;PR;15;4;11;0;3;0,0;0,0003211819495744339;0,0003259548996947877;0,0;0,00040578926011091576
GASPAR_SC;GASPAR;SC;15;3;12;2;1;0,13333333333333333;0,00024088646218082543;0,00035558716330340474;0,0007344840249724568;0,00013526308670363857
CRUZEIRO DO OESTE_PR;CRUZEIRO DO OESTE;PR;14;6;8;2;1;0,14285714285714285;0,00048177292436165086;0,0002370581088689365;0,0007344840249724568;0,00013526308670363857
PITANGA_PR;PITANGA;PR;14;1;13;0;1;0,0;8,029548739360848e-05;0,0003852194269120218;0,0;0,00013526308670363857
INHAMBUPE_BA;INHAMBUPE;BA;13;3;10;1;2;0,07692307692307693;0,00024088646218082543;0,0002963226360861706;0,0003672420124862284;0,00027052617340727714
GUARA_SP;GUARÁ;SP;13;10;3;1;6;0,07692307692307693;0,0008029548739360848;8,889679082585119e-05;0,0003672420124862284;0,0008115785202218315
PEABIRU_PR;PEABIRU;PR;12;6;6;0;6;0,0;0,00048177292436165086;0,00017779358165170237;0,0;0,0008115785202218315
GOIOERE_PR;GOIOERÊ;PR;12;2;10;2;0;0,16666666666666666;0,00016059097478721696;0,0002963226360861706;0,0007344840249724568;0,0
MACAE_RJ;MACAÉ;RJ;12;4;8;1;3;0,08333333333333333;0,0003211819495744339;0,0002370581088689365;0,0003672420124862284;0,00040578926011091576
ASSIS CHATEAUBRIAND_PR;ASSIS CHATEAUBRIAND;PR;12;5;7;0;2;0,0;0,0004014774369680424;0,00020742584526031943;0,0;0,00027052617340727714
CALIFORNIA_PR;CALIFÓRNIA;PR;12;3;9;2;1;0,16666666666666666;0,00024088646218082543;0,00026669037247755356;0,0007344840249724568;0,00013526308670363857
BARBACENA_MG;BARBACENA;MG;11;3;8;1;2;0,09090909090909091;0,00024088646218082543;0,0002370581088689365;0,0003672420124862284;0,00027052617340727714
MAMBORE_PR;MAMBORÊ;PR;11;4;7;1;3;0,09090909090909091;0,0003211819495744339;0,00020742584526031943;0,0003672420124862284;0,00040578926011091576
CAMBIRA_PR;CAMBIRA;PR;11;0;11;0;0;0,0;0,0;0,0003259548996947877;0,0;0,0
GUAIBA_RS;GUAÍBA;RS;11;2;9;1;1;0,09090909090909091;0,00016059097478721696;0,00026669037247755356;0,0003672420124862284;0,00013526308670363857
BEBEDOURO_SP;BEBEDOURO;SP;10;6;4;1;4;0,1;0,00048177292436165086;0,00011852905443446825;0,0003672420124862284;0,0005410523468145543
FAXINAL_PR;FAXINAL;PR;10;0;10;0;0;0,0;0,0;0,0002963226360861706;0,0;0,0
ARARANGUA_SC;ARARANGUÁ;SC;10;3;7;1;1;0,1;0,00024088646218082543;0,00020742584526031943;0,0003672420124862284;0,00013526308670363857
ICARA_SC;IÇARA;SC;10;1;9;0;1;0,0;8,029548739360848e-05;0,00026669037247755356;0,0;0,00013526308670363857
BORRAZOPOLIS_PR;BORRAZÓPOLIS;PR;9;1;8;0;1;0,0;8,029548739360848e-05;0,0002370581088689365;0,0;0,00013526308670363857
JANIOPOLIS_PR;JANIÓPOLIS;PR;9;5;4;1;4;0,1111111111111111;0,0004014774369680424;0,00011852905443446825;0,0003672420124862284;0,0005410523468145543
MANHUACU_MG;MANHUAÇU;MG;9;2;7;0;1;0,0;0,00016059097478721696;0,00020742584526031943;0,0;0,00013526308670363857
OSORIO_RS;OSÓRIO;RS;9;3;6;0;2;0,0;0,00024088646218082543;0,00017779358165170237;0,0;0,00027052617340727714
LEME_SP;LEME;SP;9;4;5;1;3;0,1111111111111111;0,0003211819495744339;0,0001481613180430853;0,0003672420124862284;0,00040578926011091576
ITUVERAVA_SP;ITUVERAVA;SP;8;7;1;0;7;0,0;0,0005620684117552593;2,9632263608617062e-05;0,0;0,0009468416069254701
IPATINGA_MG;IPATINGA;MG;8;1;7;0;0;0,0;8,029548739360848e-05;0,00020742584526031943;0,0;0,0
ITABIRA_MG;ITABIRA;MG;8;3;5;0;3;0,0;0,00024088646218082543;0,0001481613180430853;0,0;0,00040578926011091576
SANTA FE_PR;SANTA FÉ;PR;8;3;5;3;0;0,375;0,00024088646218082543;0,0001481613180430853;0,0011017260374586854;0,0
PORTO VELHO_RO;PORTO VELHO;RO;8;3;5;0;3;0,0;0,00024088646218082543;0,0001481613180430853;0,0;0,00040578926011091576
ASSIS_SP;ASSIS;SP;7;2;5;0;2;0,0;0,00016059097478721696;0,0001481613180430853;0,0;0,00027052617340727714
IBATE_SP;IBATÉ;SP;7;3;4;1;2;0,14285714285714285;0,00024088646218082543;0,00011852905443446825;0,0003672420124862284;0,00027052617340727714
TIMBO_SC;TIMBÓ;SC;7;3;4;2;1;0,2857142857142857;0,00024088646218082543;0,00011852905443446825;0,0007344840249724568;0,00013526308670363857
CARLOS BARBOSA_RS;CARLOS BARBOSA;RS;7;1;6;0;1;0,0;8,029548739360848e-05;0,00017779358165170237;0,0;0,00013526308670363857
ARAPOTI_PR;ARAPOTI;PR;7;2;5;0;2;0,0;0,00016059097478721696;0,0001481613180430853;0,0;0,00027052617340727714
ASTORGA_PR;ASTORGA;PR;6;3;3;3;0;0,5;0,00024088646218082543;8,889679082585119e-05;0,0011017260374586854;0,0
ABATIA_PR;ABATIÁ;PR;6;0;6;0;0;0,0;0,0;0,00017779358165170237;0,0;0,0
ARAGUARI_MG;ARAGUARI;MG;6;2;4;0;2;0,0;0,00016059097478721696;0,00011852905443446825;0,0;0,00027052617340727714
SAO BERNARDO_MA;SÃO BERNARDO;MA;6;2;4;0;1;0,0;0,00016059097478721696;0,00011852905443446825;0,0;0,00013526308670363857
ROSARIO DO SUL_RS;ROSÁRIO DO SUL;RS;6;1;5;0;1;0,0;8,029548739360848e-05;0,0001481613180430853;0,0;0,00013526308670363857
CABEDELO_PB;CABEDELO;PB;6;2;4;0;2;0,0;0,00016059097478721696;0,00011852905443446825;0,0;0,00027052617340727714
TERESOPOLIS_RJ;TERESÓPOLIS;RJ;5;0;5;0;0;0,0;0,0;0,0001481613180430853;0,0;0,0
VINHEDO_SP;VINHEDO;SP;5;0;5;0;0;0,0;0,0;0,0001481613180430853;0,0;0,0
SUMARE_SP;SUMARÉ;SP;5;2;3;0;1;0,0;0,00016059097478721696;8,889679082585119e-05;0,0;0,00013526308670363857
SANTA AMELIA_PR;SANTA AMÉLIA;PR;4;0;4;0;0;0,0;0,0;0,00011852905443446825;0,0;0,0
PONTAL DO PARANA_PR;PONTAL DO PARANÁ;PR;4;2;2;0;2;0,0;0,00016059097478721696;5,9264527217234124e-05;0,0;0,00027052617340727714
UBA_MG;UBÁ;MG;4;2;2;1;1;0,25;0,00016059097478721696;5,9264527217234124e-05;0,0003672420124862284;0,00013526308670363857
LOUVEIRA_SP;LOUVEIRA;SP;3;0;3;0;0;0,0;0,0;8,889679082585119e-05;0,0;0,0
PANAMBI_RS;PANAMBI;RS;3;0;3;0;0;0,0;0,0;8,889679082585119e-05;0,0;0,0
LAURO DE FREITAS_BA;LAURO DE FREITAS;BA;3;0;3;0;0;0,0;0,0;8,889679082585119e-05;0,0;0,0
ITAIPULANDIA_PR;ITAIPULÂNDIA;PR;3;0;3;0;0;0,0;0,0;8,889679082585119e-05;0,0;0,0
SAO CAETANO DO SUL_SP;SÃO CAETANO DO SUL;SP;3;2;1;0;2;0,0;0,00016059097478721696;2,9632263608617062e-05;0,0;0,00027052617340727714
VITORIA DA CONQUISTA_BA;VITÓRIA DA CONQUISTA;BA;2;1;1;0;0;0,0;8,029548739360848e-05;2,9632263608617062e-05;0,0;0,0
ALTONIA_PR;ALTÔNIA;PR;2;1;1;0;1;0,0;8,029548739360848e-05;2,9632263608617062e-05;0,0;0,00013526308670363857
CRUZ DAS ALMAS_BA;CRUZ DAS ALMAS;BA;2;1;1;0;1;0,0;8,029548739360848e-05;2,9632263608617062e-05;0,0;0,00013526308670363857
JAGUAQUARA_BA;JAGUAQUARA;BA;2;1;1;0;1;0,0;8,029548739360848e-05;2,9632263608617062e-05;0,0;0,00013526308670363857
BALSAS_MA;BALSAS;MA;1;0;1;0;0;0,0;0,0;2,9632263608617062e-05;0,0;0,0
PONTAL_SP;PONTAL;SP;1;1;0;0;1;0,0;8,029548739360848e-05;0,0;0,0;0,00013526308670363857
BATATAIS_SP;BATATAIS;SP;1;1;0;1;0;1,0;8,029548739360848e-05;0,0;0,0003672420124862284;0,0
MORRO AGUDO_SP;MORRO AGUDO;SP;1;0;1;0;0;0,0;0,0;2,9632263608617062e-05;0,0;0,0
LUCAS DO RIO VERDE_MT;LUCAS DO RIO VERDE;MT;1;0;1;0;0;0,0;0,0;2,9632263608617062e-05;0,0;0,0
IVINHEMA_MS;IVINHEMA;MS;1;0;1;0;0;0,0;0,0;2,9632263608617062e-05;0,0;0,0
BRAGANEY_PR;BRAGANEY;PR;1;0;1;0;0;0,0;0,0;2,9632263608617062e-05;0,0;0,0
CURIUVA_PR;CURIÚVA;PR;1;0;1;0;0;0,0;0,0;2,9632263608617062e-05;0,0;0,0
CATALAO_GO;CATALÃO;GO;1;0;1;0;0;0,0;0,0;2,9632263608617062e-05;0,0;0,0
